32	 
1024	  
31776	   
3141	bg
3220	dx
3301	gl
3770	x2
3773	vs	x5
3832	xp
96586	air
96673	all
97738	bow
3029926	bow0
3029927	bow1
3029928	bow2
3029958	box1
3029959	box2
3029960	box3
3029961	box4
3029962	box5
3029963	box6
3029964	box7
3029965	box8
3029966	box9
97739	box
97926	buy
100589	env
101566	fog
104433	inv
106079	key
106914	law
107030	leo
107868	map
108363	ms1
108364	ms2
108365	ms3
108366	ms4
108367	ms5
108368	ms6
108369	ms7
108370	ms8
108371	ms9
108476	mud
109785	oak
110873	pen
111029	pl1
111030	pl2
111031	pl3
111032	pl4
111033	pl5
111034	pl6
111035	pl7
111036	pl8
111037	pl9
113953	sky
119160	xxx
119531	yew
2987466	abox
3017257	bbox
2997838	amik
3008226	axe0
3008227	axe1
3008228	axe2
3008229	axe3
3015911	back
3016367	barb
3016376	bark
3016401	base
3016404	bash
3029410	body
3029552	boil
3061973	crag
3075958	dark
3076076	dave
3083711	div0
3083712	div1
3083713	div2
3083714	div3
3083715	div4
3083716	div5
3083717	div6
3083718	div7
3089326	door
3091780	draw
3092021	drip
3694080	xxxx
3095218	dust
3108285	edge
3143222	fire
3145597	flax
3148894	food
3154785	fuse
3165239	gaol
3178251	goad
3184026	guam
3194991	hand
3198440	heal
3198957	herb
3208384	hole
3225350	iban
3240980	irit
3242771	item
3254426	jail
3288564	keys
3314014	lair
3314326	last
3314400	lava
3327403	logo
3333342	lumb
3343730	mage
3343801	main
3347949	mesh
3351634	mind
3351788	misc
3351805	mist
3357525	more
3359301	ms10
3359302	ms11
3359303	ms12
3392903	null
3409419	ogre
3416382	onyx
3433450	park
3506388	roof
3511770	ruby
3522472	saga
3535235	snow
3536371	soul
3645311	wear
92634042	achey
92641161	acorn
92909147	alone
93078279	arena
93081862	aries
93090825	arrow
93223517	award
93330745	aztec
93494179	badge
93508654	basic
93832698	blood
93921962	books
94623581	chap1
94623582	chap2
94623583	chap3
94623584	chap4
94623585	chap5
94623586	chap6
94623616	chaos
94627585	chest
94742961	claw0
94742962	claw1
94742963	claw2
94742964	claw3
94839810	coins
94921146	crack
94935104	cross
95457908	death
95848451	dream
95852696	drink
95994082	dwarf
96278602	earth
96463963	egypt
97316913	fence
97440432	first
93928747	box11
93928748	box12
3357411	mop1
97604824	focus
98228354	gear1
98228355	gear2
98228356	gear3
98228357	gear4
98228358	gear5
98228359	gear6
98228360	gear7
98228361	gear8
98228362	gear9
98228402	geara
98228403	gearb
98228404	gearc
98228405	geard
98228406	geare
98228407	gearf
98615564	grand
98712316	guide
98712563	guild
99034415	hack0
99034416	hack1
99034417	hack2
99034418	hack3
99050560	hatch
99056333	haze1
99056334	haze2
99056335	haze3
99056336	haze4
99151440	head0
99151441	head1
99151442	head2
99151443	head3
100226273	firemaking
102749521	layer
102966132	libra
103664597	maple
103666243	march
103779700	melee
104080482	moody
104257585	mummy
104263205	music
104376376	mymax
105001967	nomad
106848120	pole0
106848121	pole1
106848122	pole2
106848123	pole3
106857100	pound
106934601	price
107944162	quest
108392383	regal
108698078	roof2
108703595	row 1
108703596	row 2
108703597	row 3
108703598	row 4
108703599	row 5
108703600	row 6
108703601	row 7
108703602	row 8
108871371	ruins
108873909	rule1
108873910	rule2
108873911	rule3
108873912	rule4
108873913	rule5
108873914	rule6
108873915	rule7
108873916	rule8
108873917	rule9
108873975	rules
108875897	runes
109407595	shine
109413030	shoe1
109413031	shoe2
109413032	shoe3
109413033	shoe4
109413034	shoe5
109413035	shoe6
109562223	smoke
109757537	stars
109757538	start
109860349	sword
110327241	theme
110342614	thumb
112216391	virgo
112297322	vline
113101688	whip0
113101689	whip1
113101690	whip2
113101691	whip3
860008241	compassmask_2
952189850	cooking
1125232867	woodcutting
1216594492	thieving
1431114689	beehives
1526636385	summoning
1544916048	defence
1557721666	details
1710522818	crafting
1791316033	strength
1924012163	scorpio
2034601670	sagittarius
-1354825996	combat
-1110417409	labels
-236957323	compositemap
-542377239	offercount_500
-1423461112	accept
-1418392892	ahrims
-1421968136	advice
-1414240236	ambush
-1413183222	anger1
-1413183221	anger2
-1413183220	anger3
-1413183219	anger4
-1413183218	anger5
-1413183217	anger6
-1413183216	anger7
-1413183215	anger8
-1413183214	anger9
-1396342996	banner
-1409151606	arrows
-1409151673	arrow0
-1409151672	arrow1
-1409151671	arrow2
-1409151670	arrow3
-1404059612	axe101
-880805400	taurus
-1249537483	gemini
-1367724416	cancer
-1610505039	capricorn
-2094695471	aquarius
-988008329	pisces
-1057361851	agility
-1407259064	attack
-1995960111	construction
-1078244372	farming
-1867602296	fletching
-1796753866	hitpoints
-630204317	herblore
-1206091904	hunter
-1074038704	mining
-899865410	slayer
-938283321	ranged
-313376986	runecraft
-370228993	smithing
-1052607321	nature
-1408166309	astral
-1354636448	cosmic
-610067200	questscroll_ver3
-1709882182	combat-staff_2
staff2b
-934829085	combat-hacksword
hack101
hack0
hack1
hack2
hack3
-762865503	combat-scythe
scythe101
scythe0
scythe1
scythe2
scythe3
-751345129	combat-spiked
spiked101
spiked0
spiked1
spiked2
spiked3
-729831615	combat-thrown
thrown101
thrown0
thrown1
thrown2
-648735677	combat-crossbow
crossbow101
crossbow0
crossbow1
crossbow2
-390354572	combat-pickaxe
pickaxe101
pickaxe0
pickaxe1
pickaxe2
pickaxe3
-384543563	combat-axe
axe101
axe0
axe1
axe2
axe3
-384542863	combat-bow
bow101
bow0
bow1
bow2
-384537881	combat-gun
gun101
gun0
gun1
-359334257	combat-polestaff
polestaff101
polestaff0
polestaff1
polestaff2
-162788416	combat-spear
spear101
spear0
spear1
spear2
spear3
964099480	combat-claw
claw101
claw0
claw1
claw2
claw3
964691697	combat-whip
whip101
whip0
whip1
whip2
1673963874	combat-stabsword
stab101
stab0
stab1
stab2
stab3
-210446901	combat-polearm
pole101
pole0
pole1
pole2
-178591656	combat-blunt
blunt101
blunt0
blunt1
blunt2
300488207	combat-heavysword
heavy101
heavy0
heavy1
heavy2
heavy3
-106285271	combat-unarmed
unarmed101
unarmed0
unarmed1
unarmed2
combat-chinchompa
chinchompa101
chinchompa0
chinchompa1
chinchompa2
combat-grenade
grenade101
grenade0
grenade1
grenade2
combat-salamander
salamander101
salamander0
salamander1
salamander2
-401035383	pure_essence
-1264747854	marrentill
-938288670	ranarr
134291407	dwarfweed
1626574402	dharoks
383532740	guthans
-819959282	veracs
448419133	eucalyptus
476115259	abyssalwhip
-296706021	dragonaxe
-1665975922	dragonboots
-1122147549	dragonscimitar
-7707283	granitemaul
doubleobjbox_text
doubleobjbox_pausebutton